{
  "all": {
    "mean": 0.515229787,
    "count": 200
  },
  "diff/easy": {
    "mean": 0.5701756787148594,
    "count": 83
  },
  "diff/hard": {
    "mean": 0.5579550833333333,
    "count": 18
  },
  "diff/medium": {
    "mean": 0.4613958037037037,
    "count": 99
  },
  "task/best_response": {
    "mean": 0.6562753724137932,
    "count": 87
  },
  "task/nash_equilibrium": {
    "mean": 0.40663716814159295,
    "count": 113
  },
  "model_path": "results/phase2/full_grpo_only/checkpoint-best/model",
  "n_samples": 200
}