{
 "id": {
  "orm": {
   "overall_mean": 0.7528048722738095,
   "overall_vals": [
    0.779119567797619,
    0.7349547093452381,
    0.7443403396785715
   ]
  },
  "proc": {
   "overall_mean": 0.5047768854298942,
   "overall_vals": [
    0.5259563142063491,
    0.5483743420833334,
    0.44
   ]
  },
  "hyb": {
   "overall_mean": 0.7478797973722296,
   "overall_vals": [
    0.7266730730492286,
    0.775266595654762,
    0.7416997234126984
   ]
  },
  "typed": {
   "overall_mean": 0.6014881017738095,
   "overall_vals": [
    0.47157141333333336,
    0.6612100850595237,
    0.6716828069285714
   ]
  }
 },
 "ood": {
  "orm": {
   "overall_mean": 0.6327333357087264,
   "overall_vals": [
    0.637285928271244,
    0.6325813747727408,
    0.6283327040821943
   ]
  },
  "proc": {
   "overall_mean": 0.4286114838548875,
   "overall_vals": [
    0.43173415549947086,
    0.4893266029923386,
    0.36477369307285307
   ]
  },
  "hyb": {
   "overall_mean": 0.6161530247440481,
   "overall_vals": [
    0.6145934028899009,
    0.6363316718073015,
    0.5975339995349418
   ]
  },
  "typed": {
   "overall_mean": 0.47144299408176366,
   "overall_vals": [
    0.36589360634497353,
    0.5363709288887619,
    0.5120644470115555
   ]
  }
 }
}