{
  "all": {
    "mean": 0.4356252527218657,
    "count": 750
  },
  "dim/2x2": {
    "mean": 0.6170527247435897,
    "count": 195
  },
  "dim/2x5": {
    "mean": 0.5434136313419914,
    "count": 50
  },
  "dim/3x3": {
    "mean": 0.46421113513715917,
    "count": 195
  },
  "dim/3x5": {
    "mean": 0.3317058823529412,
    "count": 25
  },
  "dim/4x2": {
    "mean": 0.5169353195238096,
    "count": 50
  },
  "dim/5x3": {
    "mean": 0.7054085311999999,
    "count": 25
  },
  "dim/5x5": {
    "mean": 0.21278944568783068,
    "count": 120
  },
  "dim/6x6": {
    "mean": 0.1265827277777778,
    "count": 90
  },
  "ood/asymmetric": {
    "mean": 0.5263020525474238,
    "count": 150
  },
  "ood/combined_hard": {
    "mean": 0.11061224489795918,
    "count": 70
  },
  "ood/large_matrix": {
    "mean": 0.20845944171201813,
    "count": 140
  },
  "ood/non_integer": {
    "mean": 0.5751349540191799,
    "count": 120
  },
  "ood/novel_format_json": {
    "mean": 0.5729886527777778,
    "count": 60
  },
  "ood/novel_format_math": {
    "mean": 0.6531449777777778,
    "count": 60
  },
  "ood/novel_format_table": {
    "mean": 0.5528703703703705,
    "count": 30
  },
  "ood/wide_range": {
    "mean": 0.43063441041666667,
    "count": 120
  },
  "task/best_response": {
    "mean": 0.5036168057175926,
    "count": 360
  },
  "task/nash_equilibrium": {
    "mean": 0.37286381918734857,
    "count": 390
  },
  "model_path": "results/phase2/full_probe_grpo/checkpoint-best/model",
  "n_samples": 750,
  "gen_time_s": 92.2,
  "throughput": 8.1
}